{
	"format_version": "1.8.0",
	"animations": {
		"animation.spheal.ground_idle": {
			"loop": true,
			"animation_length": 1,
			"bones": {
				"flipper_left": {
					"rotation": {
						"0.0": [17.80232, 36.43129, 28.40085],
						"1.0": [17.80232, 36.43129, 28.40085]
					},
					"position": {
						"0.0": [-0.77919, 0.38268, 0.4964],
						"1.0": [-0.77919, 0.38268, 0.4964]
					}
				},
				"flipper_right": {
					"rotation": {
						"0.0": [17.80232, -36.43129, -28.40085],
						"1.0": [17.80232, -36.43129, -28.40085]
					},
					"position": {
						"0.0": [0.77919, 0.38268, 0.4964],
						"1.0": [0.77919, 0.38268, 0.4964]
					}
				},
				"tail": {
					"rotation": {
						"0.0": [27.5, 0, 0],
						"1.0": [27.5, 0, 0]
					}
				}
			}
		},
		"animation.spheal.blink": {
			"animation_length": 0.16,
			"bones": {
				"eyelid_left": {
					"position": {
						"0.0": [0, 0, -0.1],
						"0.12": [0, 0, -0.1],
						"0.16": [0, 0, 0]
					}
				},
				"eyelid_right": {
					"position": {
						"0.0": [0, 0, -0.1],
						"0.12": [0, 0, -0.1],
						"0.16": [0, 0, 0]
					}
				}
			}
		},
		"animation.spheal.ground_walk_placeholder": {
			"loop": true,
			"animation_length": 1,
			"bones": {
				"body": {
					"rotation": {
						"0.0": [0, 0, 0],
						"1.0": [360, 0, 0]
					},
					"position": {
						"0.0": [0, 1.5, 0],
						"0.125": [0, 4, 0],
						"0.25": [0, 1.7, 0],
						"0.4167": [0, 5, 0],
						"0.625": [0, 4, 0],
						"0.7917": [0, 4, -1],
						"0.9167": [0, 3, 0],
						"1.0": [0, 1.5, 0]
					}
				},
				"torso": {
					"rotation": ["0-math.cos(q.anim_time*90*3+45)*3", "0-math.sin(q.anim_time*90*3+135)*4", "0-math.cos(q.anim_time*90*3+45)*2"]
				},
				"ear_left": {
					"rotation": [-40, 0, 0]
				},
				"ear_right": {
					"rotation": [-40, 0, 0]
				},
				"tail": {
					"rotation": [62.5, 0, 0]
				},
				"flipper_left": {
					"rotation": {
						"0.0": [81.7442, 384.75075, 176.19466],
						"1.0": [81.7442, 384.75075, 176.19466]
					},
					"position": {
						"0.0": [0, 0, -1],
						"1.0": [0, 0, -1]
					}
				},
				"flipper_right": {
					"rotation": {
						"0.0": [81.7442, -384.75075, -176.19466],
						"1.0": [81.7442, -384.75075, -176.19466]
					},
					"position": {
						"0.0": [0, 0, -1],
						"1.0": [0, 0, -1]
					}
				}
			}
		},
		"animation.spheal.cry": {
			"animation_length": 1.2,
			"sound_effects": {
				"0.04": {
					"effect": "pokemon.spheal.cry"
				}
			}
		}
	}
}