{
	"format_version": "1.8.0",
	"animations": {
		"animation.kingdra.ground_idle": {
			"loop": true,
			"bones": {
				"body": {
					"rotation": [21.27816, 18.98917, -0.39385],
					"position": [0, -11, 0]
				},
				"torso": {
					"rotation": [0, 0, 0]
				},
				"neck": {
					"rotation": [9.96258, -4.92385, 0.87038]
				},
				"neck2": {
					"rotation": [0, 0, 0]
				},
				"head": {
					"rotation": [-31.64859, -10.89198, 7.63577]
				},
				"horn_right": {
					"rotation": [-5, 0, 0]
				},
				"horn_left": {
					"rotation": [-5, 0, 0]
				},
				"tail": {
					"rotation": [-5.7589, -4.81281, -39.75778]
				},
				"tail2": {
					"rotation": [4.53359, 2.11089, -24.91643]
				},
				"tail3": {
					"rotation": [-36.93414, -17.77935, -22.38326]
				},
				"tail4": {
					"rotation": [-60, 0, 0]
				},
				"right_face_fin": {
					"rotation": [37.69865, 0.32088, 25.44068]
				},
				"right_cheek": {
					"rotation": [19.02822, -55.99845, -17.71293],
					"position": [2, -0.25, 2.5]
				},
				"right_cheek2": {
					"rotation": [-7.16996, 28.30017, 4.31998],
					"position": [-0.25, 0.25, -1]
				},
				"right_cheek3": {
					"rotation": [17.42913, 37.00325, 3.54245],
					"position": [1.25, 0, 0.25]
				},
				"right_cheek4": {
					"rotation": [-15.9153, -1.44235, 7.73017]
				},
				"left_cheek": {
					"rotation": [19.02822, 55.99845, 17.71293],
					"position": [-2, -0.25, 2.5]
				},
				"left_cheek2": {
					"rotation": [-7.16996, -28.30017, -4.31998],
					"position": [0.25, 0.25, -1]
				},
				"left_cheek3": {
					"rotation": [17.42913, -37.00325, -3.54245],
					"position": [-1.25, 0, 0.25]
				},
				"left_cheek4": {
					"rotation": [-15.9153, 1.44235, -7.73017]
				},
				"left_face_fin": {
					"rotation": [37.69865, -0.32088, -25.44068]
				}
			}
		},
		"animation.kingdra.water_idle": {
			"loop": true,
			"bones": {
				"body": {
					"rotation": [22.5, 0, 0]
				},
				"torso": {
					"rotation": [0, 0, 0]
				},
				"neck": {
					"rotation": [-10, 0, 0]
				},
				"neck2": {
					"rotation": [-15, 0, 0]
				},
				"head": {
					"rotation": [7.5, 0, 0]
				},
				"horn_right": {
					"rotation": [-5, 0, 0]
				},
				"horn_left": {
					"rotation": [-5, 0, 0]
				},
				"left_cheek": {
					"rotation": [19.02822, 55.99845, 17.71293],
					"position": [-2, -0.25, 2.5]
				},
				"left_cheek2": {
					"rotation": [-7.16996, -28.30017, -4.31998],
					"position": [0.25, 0.25, -1]
				},
				"left_cheek3": {
					"rotation": [17.42913, -37.00325, -3.54245],
					"position": [-1.25, 0, 0.25]
				},
				"left_cheek4": {
					"rotation": [-15.9153, 1.44235, -7.73017]
				},
				"tail": {
					"rotation": [-7.5, 0, 0]
				},
				"tail2": {
					"rotation": [5, 0, 0]
				},
				"tail3": {
					"rotation": [-55, 0, 0]
				},
				"tail4": {
					"rotation": [-40, 0, 0]
				},
				"right_face_fin": {
					"rotation": [37.69865, 0.32088, 25.44068]
				},
				"right_cheek": {
					"rotation": [19.02822, -55.99845, -17.71293],
					"position": [2, -0.25, 2.5]
				},
				"right_cheek2": {
					"rotation": [-7.16996, 28.30017, 4.31998],
					"position": [-0.25, 0.25, -1]
				},
				"right_cheek3": {
					"rotation": [17.42913, 37.00325, 3.54245],
					"position": [1.25, 0, 0.25]
				},
				"right_cheek4": {
					"rotation": [-15.9153, -1.44235, 7.73017]
				},
				"left_face_fin": {
					"rotation": [37.69865, -0.32088, -25.44068]
				}
			}
		},
		"animation.kingdra.blink": {
			"animation_length": 0.1667,
			"bones": {
				"eyelid_right": {
					"position": {
						"0.0": [0.3, 0, -0.1],
						"0.125": {"pre": [0.3, 0, -0.1], "post": [0.3, 0, -0.1]},
						"0.1667": {"pre": [0.3, 0, -0.1], "post": [0, 0, 0]}
					}
				},
				"eyelid_left": {
					"position": {
						"0.0": [-0.3, 0, -0.1],
						"0.125": {"pre": [-0.3, 0, -0.1], "post": [-0.3, 0, -0.1]},
						"0.1667": {"pre": [-0.3, 0, -0.1], "post": [0, 0, 0]}
					}
				}
			}
		},
		"animation.kingdra.surprise": {
			"loop": true,
			"bones": {
				"iris_right": {
					"position": [0.3, 0, 0],
					"scale": [0.55, 0.55, 0.75]
				},
				"iris_emote_right2": {
					"position": [0, 0, -0.1]
				},
				"pupil_right": {
					"position": [-0.45, 0.5, 0]
				},
				"mouth_hole": {
					"scale": [0.75, 0.75, 1]
				},
				"iris_left": {
					"position": [-0.3, 0, 0],
					"scale": [0.55, 0.55, 0.75]
				},
				"iris_emote_left2": {
					"position": [0, 0, -0.1]
				},
				"pupil_left": {
					"position": [0.45, 0.5, 0]
				},
				"eye_emote_right2": {
					"position": [0, 0, -0.1]
				},
				"eye_emote_left2": {
					"position": [0, 0, -0.1]
				}
			}
		},
		"animation.kingdra.angry": {
			"loop": true,
			"bones": {
				"pupil_right": {
					"position": [0, 0.5, 0]
				},
				"mouth_hole": {
					"scale": [1, 0.75, 1]
				},
				"eyelid_emote_right": {
					"position": [0.5, 0.75, 0.1]
				},
				"eyelid_emote_right2": {
					"position": [0.05, 0.6, 0]
				},
				"eyelid_emote_right3": {
					"position": [0, 0, 0]
				},
				"eyelid_emote_left": {
					"position": [-0.5, 0.75, 0.1]
				},
				"eyelid_emote_left2": {
					"position": [-0.05, 0.6, 0]
				},
				"eyelid_emote_left3": {
					"position": [0, 0, 0]
				},
				"pupil_left": {
					"position": [0, 0.5, 0]
				},
				"iris_right": {
					"position": [0, -0.45, 0]
				},
				"iris_left": {
					"position": [0, -0.45, 0]
				},
				"eye_emote_right": {
					"position": [-0.4, 0, 0],
					"scale": [0.595, 1, 1]
				},
				"eye_emote_left": {
					"position": [0.4, 0, 0],
					"scale": [0.595, 1, 1]
				}
			}
		},
		"animation.kingdra.sad": {
			"loop": true,
			"bones": {
				"iris_emote_right2": {
					"position": [0, 1, -0.1]
				},
				"pupil_right": {
					"position": [0, 0.7, 0],
					"scale": [1, 1.6, 1]
				},
				"mouth_hole": {
					"scale": [0.75, 0.75, 1]
				},
				"eyelid_emote_right": {
					"position": [0, 0, 0.2]
				},
				"eyelid_emote_right2": {
					"position": [0, 1, 0]
				},
				"eyelid_emote_right3": {
					"position": [0, 1.5, 0]
				},
				"eyelid_emote_left": {
					"position": [0, 0, 0.2]
				},
				"eyelid_emote_left2": {
					"position": [0, 1, 0]
				},
				"eyelid_emote_left3": {
					"position": [0, 1.5, 0]
				},
				"iris_emote_left2": {
					"position": [0, 1, -0.1]
				},
				"pupil_left": {
					"position": [0, 0.7, 0],
					"scale": [1, 1.6, 1]
				}
			}
		},
		"animation.kingdra.happy": {
			"loop": true,
			"bones": {
				"eyelid_right": {
					"position": [-0.15, 1, -0.1]
				},
				"eyelid_emote_right": {
					"position": [0, -1, 0]
				},
				"eyelid_emote_right2": {
					"position": [0.2, 0, 0],
					"scale": [1.2, 1, 1]
				},
				"eyelid_emote_right3": {
					"position": [0.5, -1, 0]
				},
				"eyelid_emote_left": {
					"position": [0, -1, 0]
				},
				"eyelid_emote_left2": {
					"position": [-0.2, 0, 0],
					"scale": [1.2, 1, 1]
				},
				"eyelid_emote_left3": {
					"position": [-0.5, -1, 0]
				},
				"eyelid_left": {
					"position": [0.15, 1, -0.1]
				}
			}
		},
		"animation.kingdra.unamused": {
			"loop": true,
			"bones": {
				"eye_emote_right": {
					"position": [0, 0, 0.1]
				},
				"iris_emote_right": {
					"position": [0, 0, 0.1]
				},
				"eye_emote_left": {
					"position": [0, 0, 0.1]
				},
				"iris_emote_left": {
					"position": [0, 0, 0.1]
				}
			}
		},
		"animation.kingdra.hurt": {
			"loop": true,
			"bones": {
				"eyelid_right": {
					"position": [0, 0.25, -0.1]
				},
				"eyelid_left": {
					"position": [0, 0.25, -0.1]
				},
				"eyelid_emote_right": {
					"position": [0, 1, 0]
				},
				"eyelid_emote_right2": {
					"position": [1, 0, 0]
				},
				"eyelid_emote_right3": {
					"position": [-2, 1, 0]
				},
				"eyelid_emote_left": {
					"position": [0, 1, 0]
				},
				"eyelid_emote_left2": {
					"position": [-1, 0, 0]
				},
				"eyelid_emote_left3": {
					"position": [2, 1, 0]
				}
			}
		},
		"animation.kingdra.blush": {
			"loop": true,
			"bones": {
				"right_cheek_blush": {
					"position": [-0.1, 0, 0]
				},